{
  "config": {
    "max_pattern_length": 1000, 
    "max_queries": 100, 
    "unit_name": "deterministic_intent_parser"
  }, 
  "group_names_to_slot_names": {
    "group_0": "slot_command", 
    "group_1": "slot_thing", 
    "group_10": "slot_command", 
    "group_11": "slot_type", 
    "group_12": "slot_thing", 
    "group_13": "slot_command", 
    "group_14": "slot_type", 
    "group_15": "slot_thing", 
    "group_16": "slot_command", 
    "group_17": "slot_type", 
    "group_18": "slot_thing", 
    "group_19": "slot_command", 
    "group_2": "slot_type", 
    "group_20": "slot_type", 
    "group_21": "slot_thing", 
    "group_3": "slot_command", 
    "group_4": "slot_thing", 
    "group_5": "slot_type", 
    "group_6": "slot_command", 
    "group_7": "slot_command", 
    "group_8": "slot_type", 
    "group_9": "slot_thing"
  }, 
  "language_code": "en", 
  "patterns": {
    "andrenatal:intents_wot": [
      "^\\s*hey\\s*please\\s*(?P<group_10>%COMMAND%)\\s*(?P<group_11>%TYPE%)\\s*the\\s*(?P<group_12>%THING%)\\s*now\\s*$", 
      "^\\s*(?P<group_7>%COMMAND%)\\s*(?P<group_8>%TYPE%)\\s*the\\s*(?P<group_9>%THING%)\\s*lights\\s*$", 
      "^\\s*could\\s*you\\s*please\\s*(?P<group_13>%COMMAND%)\\s*(?P<group_14>%TYPE%)\\s*the\\s*(?P<group_15>%THING%)\\s*$", 
      "^\\s*(?P<group_0>%COMMAND%)\\s*the\\s*(?P<group_1>%THING%)\\s*(?P<group_2>%TYPE%)\\s*$", 
      "^\\s*(?P<group_3>%COMMAND%)\\s*the\\s*(?P<group_4>%THING%)\\s*to\\s*(?P<group_5>%TYPE%)\\s*$", 
      "^\\s*please\\s*(?P<group_19>%COMMAND%)\\s*(?P<group_20>%TYPE%)\\s*the\\s*(?P<group_21>%THING%)\\s*$", 
      "^\\s*(?P<group_6>%COMMAND%)\\s*balcony\\s*$", 
      "^\\s*(?P<group_16>%COMMAND%)\\s*(?P<group_17>%TYPE%)\\s*the\\s*(?P<group_18>%THING%)\\s*$"
    ]
  }, 
  "slot_names_to_entities": {
    "andrenatal:intents_wot": {
      "slot_command": "command", 
      "slot_thing": "thing", 
      "slot_type": "type"
    }
  }
}