{
    "thing": {
        "vanilla": "0c943c00-7db4-469b-b6cb-038ef65ef86a.vanilla", 
        "added": "0c943c00-7db4-469b-b6cb-038ef65ef86a.added", 
        "pruningThresholds": [], 
        "ngram": true, 
        "order": 3
    }, 
    "type": {
        "vanilla": "6cdd8bbc-b478-4dbd-918a-63d11d57213e.vanilla", 
        "added": "6cdd8bbc-b478-4dbd-918a-63d11d57213e.added", 
        "pruningThresholds": [], 
        "ngram": true, 
        "order": 3
    }, 
    "command": {
        "vanilla": "7c659e86-7064-4335-a0df-13649ad1b5d4.vanilla", 
        "added": "7c659e86-7064-4335-a0df-13649ad1b5d4.added", 
        "pruningThresholds": [], 
        "ngram": true, 
        "order": 3
    }
}