{
  "coeffs": [
    [
      -0.46382411806008755, 
      -0.13215983871664783, 
      -0.3050363025716039, 
      -0.4959354764519404, 
      -1.2434716829398964, 
      -1.1055641803640561, 
      -0.524466964708553, 
      -0.6682122998792164, 
      -1.2519321224983022, 
      -0.5286053004964942, 
      -0.524466964708553, 
      -0.2014260868027912, 
      -2.106109641702255, 
      -2.3615581615572974, 
      -2.4086125156211193, 
      -2.0666049789639818, 
      -0.35527717365264566, 
      -0.1649805705644421, 
      -0.6721117246028299, 
      -0.2014260868027912, 
      -0.0879727702236149, 
      -0.862024535995111, 
      -0.339925601303148, 
      -0.1291580857382252, 
      -0.1483335355299747, 
      -0.23544054609270973, 
      -1.2519321224983022, 
      -1.47704928945386, 
      -0.23544054609270973, 
      -0.862024535995111, 
      -0.16733261720948517, 
      -0.23710847924363548, 
      -0.28438854995353935, 
      -0.0879727702236149, 
      -0.45368220167441103, 
      -0.19947422305234122, 
      4.037663876820819, 
      -0.4959354764519404
    ]
  ], 
  "config": {
    "data_augmentation_config": {
      "add_builtin_entities_examples": false, 
      "min_utterances": 20, 
      "noise_factor": 5, 
      "unknown_word_prob": 0.2, 
      "unknown_words_replacement_string": "unknownword"
    }, 
    "featurizer_config": {
      "pvalue_threshold": 0.4, 
      "sublinear_tf": false, 
      "use_stemming": false, 
      "word_clusters_name": null
    }, 
    "random_seed": null, 
    "unit_name": "log_reg_intent_classifier"
  }, 
  "featurizer": {
    "best_features": [
      0, 
      1, 
      2, 
      3, 
      4, 
      5, 
      6, 
      7, 
      10, 
      11, 
      12, 
      13, 
      14, 
      15, 
      16, 
      17, 
      18, 
      19, 
      20, 
      21, 
      22, 
      23, 
      24, 
      25, 
      26, 
      28, 
      29, 
      30, 
      31, 
      32, 
      33, 
      34, 
      35, 
      36, 
      37, 
      41, 
      43, 
      44
    ], 
    "config": {
      "pvalue_threshold": 0.4, 
      "sublinear_tf": false, 
      "use_stemming": false, 
      "word_clusters_name": null
    }, 
    "language_code": "en", 
    "tfidf_vectorizer": {
      "idf_diag": [
        5.102643365036796, 
        5.102643365036796, 
        5.102643365036796, 
        5.102643365036796, 
        4.004031076368686, 
        3.849880396541428, 
        5.102643365036796, 
        4.697178256928631, 
        4.186352633162641, 
        4.697178256928631, 
        3.4932054526026954, 
        4.4094961844768505, 
        5.102643365036796, 
        5.102643365036796, 
        4.004031076368686, 
        2.751268107873318, 
        2.962577201540525, 
        3.087740344494531, 
        4.697178256928631, 
        5.102643365036796, 
        4.697178256928631, 
        5.102643365036796, 
        5.102643365036796, 
        4.004031076368686, 
        4.697178256928631, 
        5.102643365036796, 
        5.102643365036796, 
        4.186352633162641, 
        5.102643365036796, 
        3.4932054526026954, 
        4.004031076368686, 
        5.102643365036796, 
        4.004031076368686, 
        4.186352633162641, 
        5.102643365036796, 
        4.697178256928631, 
        5.102643365036796, 
        4.697178256928631, 
        1.9671491491076463, 
        3.4932054526026954, 
        4.697178256928631, 
        4.697178256928631, 
        4.4094961844768505, 
        1.086260344284407, 
        5.102643365036796, 
        4.186352633162641
      ], 
      "vocab": {
        "100": 0, 
        "33": 1, 
        "68": 2, 
        "antique": 3, 
        "balcony": 4, 
        "bedroom": 5, 
        "bisque": 6, 
        "brigthen": 7, 
        "builtinentityfeaturesnipsdatetime": 8, 
        "builtinentityfeaturesnipsnumber": 9, 
        "builtinentityfeaturesnipspercentage": 10, 
        "change": 11, 
        "could": 12, 
        "cyan": 13, 
        "dim": 14, 
        "entityfeaturecommand": 15, 
        "entityfeaturething": 16, 
        "entityfeaturetype": 17, 
        "forty": 18, 
        "four": 19, 
        "hey": 20, 
        "light": 21, 
        "lights": 22, 
        "living": 23, 
        "make": 24, 
        "moccasin": 25, 
        "nine": 26, 
        "now": 27, 
        "orange": 28, 
        "percent": 29, 
        "please": 30, 
        "red": 31, 
        "room": 32, 
        "set": 33, 
        "seventy": 34, 
        "six": 35, 
        "sixty": 36, 
        "switch": 37, 
        "the": 38, 
        "to": 39, 
        "turn": 40, 
        "twenty": 41, 
        "two": 42, 
        "unknownword": 43, 
        "white": 44, 
        "you": 45
      }
    }, 
    "unknown_words_replacement_string": "unknownword"
  }, 
  "intent_list": [
    "andrenatal:intents_wot", 
    null
  ], 
  "intercept": [
    -0.0922079212583407
  ], 
  "t_": 601.0
}